문서번호,사유서원문텍스트
RJ-001,"통관 거부 사유서

문서번호: CD-2025-0142
발급기관: 관할 세관 심사과
대상 신고번호: EXP-2025-08841
품명: 알루미늄 압출재 (AL-EXT-100)

■ 거부 사유

수입국 세관 심사 결과, 신고서에 기재된 HS코드 7604.29(알루미늄의 기타 봉·형재)와
실제 반입 물품의 성상이 일치하지 않는 것으로 확인되었습니다. 현품 검사 결과 해당
물품은 표면 가공(양극산화 처리)이 되어 있는 상태로, 이는 7604.29가 아닌
7616.99(기타 알루미늄제품)로 분류되어야 하는 사안입니다.

동일 수출자의 과거 3개월간 신고 내역을 대조한 결과, 유사한 HS코드 오분류 사례가
2건 추가로 발견되었으며, 이는 관세율 차이(7604.29: 4.0% / 7616.99: 6.5%)로 인한
관세 회피 의도가 있는 것으로 의심됩니다.

■ 조치 요구 사항

1. 정확한 HS코드로 재분류하여 신고서를 정정 제출할 것
2. 관세평가분류원의 품목분류 사전심사(사전심사번호 기재)를 첨부할 것
3. 차액 관세 및 가산세 납부 대상 여부를 확인할 것

■ 관련 근거

관세법 제38조의3(수정신고), 세계관세기구(WCO) 통일상품명 및 부호체계(HS) 해설서
제76류 주해

담당자: 심사1과 박○○
연락처: 세관 대표번호"
RJ-002,"통관 거부 사유서

문서번호: CD-2025-0187
발급기관: 관할 세관 원산지검증과
대상 신고번호: EXP-2025-09102
품명: 열연 강판 (ST-HR-500)

■ 거부 사유

FTA 특혜관세 적용을 신청한 건에 대하여 원산지증명서(C/O)를 심사한 결과, 원산지
결정기준 충족 여부를 확인할 수 있는 원산지소명서 및 원재료 내역서가 첨부되지
않아 원산지 판정이 불가능합니다.

특히 해당 품목은 역외산 열연코일을 국내에서 냉간압연 가공한 것으로 추정되는데,
세번변경기준(CTH) 또는 부가가치기준(RVC) 중 어느 것을 적용했는지 소명자료가
누락되어 있어, 단순 가공(불인정공정)에 해당하는지 실질적 변형이 이루어졌는지
판단할 근거가 없습니다.

원산지증명서 발급기관 확인 결과, 서명란의 발급 담당자 정보와 관인이 이전 신고
건들과 상이하여 진위 여부에 대한 추가 확인도 필요한 상태입니다.

■ 조치 요구 사항

1. 원재료 매입내역서, 원산지소명서, 제조공정흐름도를 보완하여 재제출할 것
2. 원산지증명서 발급기관에 진위확인 요청 회신문을 첨부할 것
3. FTA 특혜관세 적용 보류 상태에서 일반세율로 우선 통관 여부를 결정할 것

■ 관련 근거

자유무역협정의 이행을 위한 관세법의 특례에 관한 법률 제7조(원산지증명서 등)

담당자: 원산지검증과 이○○"
RJ-003,"통관 거부 사유서

문서번호: CD-2025-0233
발급기관: 수입국 화학물질안전관리청
대상 신고번호: EXP-2025-09455
품명: 복합 비료 (FERT-COMPOUND-200)

■ 거부 사유

수입국 화학물질 규제 데이터베이스(REACH 및 현지 비료관리법) 대조 검사 결과,
신고 물품에서 카드뮴(Cd) 함유량이 34.7mg/kg으로 검출되어 해당국 비료 내
중금속 허용기준(20mg/kg 이하)을 초과한 것으로 확인되었습니다.

제출된 성분분석서(시험성적서)는 자사 자체 검사 결과이며, 수입국이 인정하는
공인시험기관(ISO/IEC 17025 인정기관)의 성적서가 아니어서 증빙력이 인정되지
않습니다. 또한 원료로 사용된 인광석의 원산지에 따라 중금속 함유량 편차가 크므로,
원료 배치(batch)별 시험성적서 제출이 필요합니다.

동일 품목의 이전 수출 이력을 조회한 결과, 과거 6개월 내 동일 사유로 반송된
이력이 1건 확인되어 재발 방지 대책 수립이 요구됩니다.

■ 조치 요구 사항

1. 공인시험기관의 중금속 함유량 시험성적서를 재발급받아 제출할 것
2. 원료 배치별 품질관리 이력(로트 추적자료)을 첨부할 것
3. 기준 초과 시 해당 물량은 반송 또는 폐기 조치될 수 있음을 통지함

■ 관련 근거

수입국 비료관리법 제12조(유해성분 허용기준), REACH 규정 부속서 XVII

담당자: 화학물질안전관리청 검사관"
RJ-004,"통관 거부 사유서

문서번호: CD-2025-0269
발급기관: 관할 세관 수입안전과
대상 신고번호: EXP-2025-09701
품명: 수소(압축) (H2-COMP-100)

■ 거부 사유

고압가스 용기 표시사항 현품 검사 결과, 다음과 같은 라벨링 부적합 사항이
확인되어 통관이 보류됩니다.

1. 용기 외벽에 표시되어야 할 UN번호(UN1049, 압축수소)가 누락됨
2. GHS(화학물질 분류표시제도) 위험 그림문자 중 ""고압가스"" 및 ""인화성가스""
   표시가 요구 규격(최소 10cm x 10cm)보다 작게 인쇄되어 식별이 곤란함
3. 현지어(수입국 공용어) 안전문구 번역본이 첨부되지 않고 영문 표기만 되어 있음
4. 용기 제조번호와 신고서상 시리얼번호가 일부 불일치(120개 중 7개 용기)

특히 UN번호 누락은 위험물 운송 규정(ADR/IMDG) 위반 소지가 있어 단순 서류
보완이 아닌 물품 자체의 재포장·재라벨링이 필요한 사안으로 판단됩니다.

■ 조치 요구 사항

1. 전체 용기에 대해 UN번호 및 GHS 그림문자 재부착 후 재검사 요청할 것
2. 현지어 안전문구 번역 라벨을 부착할 것
3. 시리얼번호 불일치 7개 용기에 대한 소명자료 또는 현품 대조 확인을 받을 것

■ 관련 근거

위험물의 운송에 관한 국제협약(ADR), GHS 통일분류표시기준

담당자: 수입안전과 위험물 담당"
RJ-005,"통관 거부 사유서

문서번호: CD-2025-0301
발급기관: 관할 세관 전략물자관리과
대상 신고번호: EXP-2025-10023
품명: 전력(계통연계) 관련 기자재 - ELEC-GRID-100

■ 거부 사유

신고 물품 중 계통연계용 전력변환장치(인버터 모듈)가 전략물자 수출입고시
별표3 ""이중용도품목"" 분류에 해당하는 것으로 1차 스크리닝에서 적출되었습니다.
해당 품목은 대용량 전력제어가 가능한 사양(정격출력 500kW 이상)으로,
수출허가 대상(Catch-All 통제) 여부에 대한 산업통상자원부 전략물자관리원의
사전 판정을 받아야 하나, 관련 판정서 또는 수출허가서가 신고서에 첨부되지
않았습니다.

도착국이 국제사회의 수출통제 대상국 목록에 포함되어 있어, 최종수요자(End-User)
확인서 및 최종용도(End-Use) 서약서 없이는 통관이 불가능한 상황입니다.

과거 이력 조회 결과 동일 수출자가 유사 사양의 품목을 3회에 걸쳐 소량으로
분할 신고한 정황이 있어, 허가 회피 목적의 분할수출 여부에 대한 추가 조사가
병행될 예정입니다.

■ 조치 요구 사항

1. 전략물자관리원의 전략물자 판정서(비대상 판정 또는 수출허가서)를 제출할 것
2. 최종수요자 확인서(End-User Certificate) 및 최종용도 서약서를 첨부할 것
3. 분할신고 정황에 대한 소명자료를 제출할 것 (미제출 시 통합심사 전환)

■ 관련 근거

대외무역법 제19조(전략물자의 고시 및 수출허가 등), 전략물자수출입고시 별표3

담당자: 전략물자관리과 심사관"
